Price,Close,High,Low,Open,Volume
Ticker,GC=F,GC=F,GC=F,GC=F,GC=F
Datetime,,,,,
2026-04-08 04:00:00+00:00,4832.7001953125,4836.10009765625,4819.7998046875,4826.7998046875,0
2026-04-08 05:00:00+00:00,4855.5,4872.2001953125,4829.39990234375,4833.0,6295
2026-04-08 06:00:00+00:00,4846.60009765625,4866.7998046875,4846.2001953125,4855.2001953125,10373
2026-04-08 07:00:00+00:00,4839.7001953125,4847.2998046875,4831.0,4846.7998046875,5643
2026-04-08 08:00:00+00:00,4821.7998046875,4846.0,4817.5,4839.89990234375,6574
2026-04-08 09:00:00+00:00,4810.2001953125,4834.0,4802.89990234375,4821.89990234375,7407
2026-04-08 10:00:00+00:00,4809.7001953125,4823.10009765625,4798.2001953125,4810.2998046875,5244
2026-04-08 11:00:00+00:00,4826.39990234375,4830.39990234375,4806.39990234375,4809.2998046875,7574
2026-04-08 12:00:00+00:00,4827.10009765625,4834.7998046875,4793.7001953125,4826.2998046875,11105
2026-04-08 13:00:00+00:00,4804.10009765625,4833.60009765625,4792.7998046875,4826.60009765625,14078
2026-04-08 14:00:00+00:00,4762.2001953125,4818.7998046875,4757.60009765625,4803.7001953125,20500
2026-04-08 15:00:00+00:00,4782.0,4788.7998046875,4759.89990234375,4761.60009765625,10212
2026-04-08 16:00:00+00:00,4785.89990234375,4791.10009765625,4770.89990234375,4782.2001953125,6265
2026-04-08 17:00:00+00:00,4759.5,4789.89990234375,4755.5,4785.7001953125,10144
2026-04-08 18:00:00+00:00,4730.10009765625,4769.7998046875,4728.10009765625,4759.10009765625,11362
2026-04-08 19:00:00+00:00,4755.2998046875,4756.60009765625,4720.60009765625,4729.2998046875,6064
2026-04-08 20:00:00+00:00,4745.0,4757.2998046875,4742.10009765625,4755.2001953125,1801
2026-04-08 22:00:00+00:00,4741.5,4757.7001953125,4728.5,4744.7998046875,0
2026-04-08 23:00:00+00:00,4738.7998046875,4743.39990234375,4728.5,4741.2001953125,2259
2026-04-09 00:00:00+00:00,4730.39990234375,4742.39990234375,4718.60009765625,4739.39990234375,3881
2026-04-09 01:00:00+00:00,4751.2001953125,4752.2001953125,4722.39990234375,4730.2001953125,5911
2026-04-09 02:00:00+00:00,4742.10009765625,4756.60009765625,4741.0,4751.5,3799
2026-04-09 03:00:00+00:00,4735.0,4743.39990234375,4728.0,4742.2001953125,3062
2026-04-09 04:00:00+00:00,4744.2001953125,4748.39990234375,4733.0,4734.60009765625,1950
2026-04-09 05:00:00+00:00,4736.39990234375,4749.60009765625,4729.10009765625,4743.89990234375,3592
2026-04-09 06:00:00+00:00,4736.2998046875,4749.2001953125,4727.2001953125,4736.7001953125,4878
2026-04-09 07:00:00+00:00,4748.39990234375,4755.2001953125,4729.5,4736.5,8895
2026-04-09 08:00:00+00:00,4750.5,4758.60009765625,4744.10009765625,4748.2998046875,4214
2026-04-09 09:00:00+00:00,4753.89990234375,4758.5,4747.7001953125,4750.10009765625,3833
2026-04-09 10:00:00+00:00,4765.7001953125,4771.39990234375,4748.10009765625,4753.89990234375,3965
2026-04-09 11:00:00+00:00,4781.2998046875,4782.7001953125,4762.89990234375,4765.7998046875,4044
2026-04-09 12:00:00+00:00,4770.89990234375,4785.0,4759.60009765625,4781.7001953125,6789
2026-04-09 13:00:00+00:00,4789.60009765625,4802.7998046875,4763.89990234375,4771.2998046875,11381
2026-04-09 14:00:00+00:00,4794.0,4801.7998046875,4772.5,4790.0,10881
2026-04-09 15:00:00+00:00,4817.39990234375,4823.89990234375,4786.2001953125,4794.0,16462
2026-04-09 16:00:00+00:00,4813.0,4825.5,4808.7998046875,4817.7001953125,6507
2026-04-09 17:00:00+00:00,4822.2998046875,4826.0,4810.89990234375,4813.5,8397
2026-04-09 18:00:00+00:00,4796.60009765625,4822.7001953125,4792.2001953125,4822.60009765625,6445
2026-04-09 19:00:00+00:00,4793.0,4806.89990234375,4790.7001953125,4796.60009765625,3483
2026-04-09 20:00:00+00:00,4790.5,4797.39990234375,4784.60009765625,4793.0,1549
2026-04-09 22:00:00+00:00,4787.60009765625,4810.0,4782.2001953125,4790.5,0
2026-04-09 23:00:00+00:00,4787.0,4787.39990234375,4779.7998046875,4787.39990234375,1829
2026-04-10 00:00:00+00:00,4786.39990234375,4786.60009765625,4773.7998046875,4786.60009765625,3505
2026-04-10 01:00:00+00:00,4787.2998046875,4800.39990234375,4781.2998046875,4786.2001953125,5109
2026-04-10 02:00:00+00:00,4775.5,4788.2001953125,4760.39990234375,4787.5,6207
2026-04-10 03:00:00+00:00,4789.10009765625,4793.2998046875,4775.2001953125,4775.60009765625,3908
2026-04-10 04:00:00+00:00,4781.7998046875,4794.60009765625,4781.7998046875,4790.39990234375,2078
2026-04-10 05:00:00+00:00,4789.89990234375,4793.0,4781.2998046875,4782.5,2041
2026-04-10 06:00:00+00:00,4769.7001953125,4790.2001953125,4766.2998046875,4790.0,4933
2026-04-10 07:00:00+00:00,4773.0,4781.2001953125,4764.60009765625,4769.60009765625,2815
2026-04-10 08:00:00+00:00,4763.10009765625,4776.5,4752.7001953125,4773.2998046875,6126
2026-04-10 09:00:00+00:00,4774.60009765625,4783.2998046875,4763.10009765625,4763.60009765625,4786
2026-04-10 10:00:00+00:00,4780.7001953125,4784.0,4765.2998046875,4774.7001953125,3004
2026-04-10 11:00:00+00:00,4792.0,4792.89990234375,4777.10009765625,4780.7001953125,2403
2026-04-10 12:00:00+00:00,4795.5,4806.89990234375,4783.89990234375,4792.10009765625,9756
2026-04-10 13:00:00+00:00,4799.2998046875,4804.39990234375,4788.89990234375,4795.39990234375,9565
2026-04-10 14:00:00+00:00,4799.2998046875,4820.0,4791.7001953125,4799.10009765625,12260
2026-04-10 15:00:00+00:00,4785.7998046875,4811.89990234375,4779.2998046875,4799.39990234375,9232
2026-04-10 16:00:00+00:00,4788.10009765625,4790.7001953125,4768.39990234375,4785.89990234375,8217
2026-04-10 17:00:00+00:00,4784.5,4793.2998046875,4782.10009765625,4788.39990234375,6905
2026-04-10 18:00:00+00:00,4789.5,4797.7001953125,4775.10009765625,4784.7001953125,4567
2026-04-10 19:00:00+00:00,4783.60009765625,4794.60009765625,4782.0,4789.5,2701
2026-04-10 20:00:00+00:00,4771.0,4783.5,4764.0,4783.5,3254
2026-04-12 22:00:00+00:00,4680.60009765625,4707.39990234375,4665.2001953125,4688.7001953125,6936
2026-04-12 23:00:00+00:00,4693.60009765625,4694.2001953125,4664.60009765625,4680.5,3815
2026-04-13 00:00:00+00:00,4718.0,4721.0,4686.89990234375,4693.7001953125,3775
2026-04-13 01:00:00+00:00,4743.10009765625,4749.5,4716.0,4717.5,7086
2026-04-13 02:00:00+00:00,4742.0,4749.5,4732.5,4743.7001953125,2759
2026-04-13 03:00:00+00:00,4741.60009765625,4745.7998046875,4733.7001953125,4742.5,1479
2026-04-13 04:00:00+00:00,4744.7001953125,4747.0,4729.2001953125,4740.0,2648
2026-04-13 05:00:00+00:00,4751.10009765625,4752.60009765625,4737.89990234375,4744.89990234375,2387
2026-04-13 06:00:00+00:00,4747.89990234375,4754.7001953125,4742.7001953125,4751.5,3468
2026-04-13 07:00:00+00:00,4756.39990234375,4762.5,4747.39990234375,4748.0,3696
2026-04-13 08:00:00+00:00,4746.2998046875,4761.2001953125,4743.2998046875,4756.7001953125,3351
2026-04-13 09:00:00+00:00,4737.39990234375,4751.5,4733.2001953125,4746.2998046875,4062
2026-04-13 10:00:00+00:00,4744.2001953125,4746.2001953125,4730.5,4737.39990234375,2368
2026-04-13 11:00:00+00:00,4729.10009765625,4751.39990234375,4725.2001953125,4744.7998046875,3912
2026-04-13 12:00:00+00:00,4745.89990234375,4747.7998046875,4725.60009765625,4728.60009765625,6057
2026-04-13 13:00:00+00:00,4753.2998046875,4768.0,4743.0,4745.7998046875,13761
2026-04-13 14:00:00+00:00,4742.2001953125,4754.2998046875,4731.89990234375,4753.2001953125,8407
2026-04-13 15:00:00+00:00,4736.89990234375,4743.10009765625,4722.5,4742.60009765625,5623
2026-04-13 16:00:00+00:00,4756.39990234375,4770.60009765625,4731.5,4737.2001953125,14166
2026-04-13 17:00:00+00:00,4753.2998046875,4774.39990234375,4748.39990234375,4756.7001953125,12009
2026-04-13 18:00:00+00:00,4762.0,4764.2001953125,4746.10009765625,4753.5,2668
2026-04-13 19:00:00+00:00,4765.5,4770.7001953125,4753.7998046875,4762.0,3145
2026-04-13 20:00:00+00:00,4766.60009765625,4768.39990234375,4762.2001953125,4765.2998046875,1091
2026-04-13 22:00:00+00:00,4782.0,4783.2998046875,4767.60009765625,4769.2998046875,0
2026-04-13 23:00:00+00:00,4781.2998046875,4789.7001953125,4778.2001953125,4782.0,2053
2026-04-14 00:00:00+00:00,4792.7001953125,4799.39990234375,4775.5,4781.7001953125,3390
2026-04-14 01:00:00+00:00,4787.2001953125,4802.7998046875,4784.10009765625,4792.7001953125,3839
2026-04-14 02:00:00+00:00,4797.60009765625,4800.39990234375,4784.2998046875,4787.10009765625,2277
2026-04-14 03:00:00+00:00,4792.2998046875,4797.7998046875,4787.89990234375,4797.7001953125,1150
2026-04-14 04:00:00+00:00,4796.2998046875,4799.2001953125,4789.2001953125,4790.0,1117
2026-04-14 05:00:00+00:00,4782.2998046875,4796.2998046875,4780.0,4796.10009765625,2584
2026-04-14 06:00:00+00:00,4805.39990234375,4806.2998046875,4782.39990234375,4782.60009765625,3622
2026-04-14 07:00:00+00:00,4800.2001953125,4820.39990234375,4790.89990234375,4805.39990234375,8922
2026-04-14 08:00:00+00:00,4810.0,4813.7001953125,4797.2001953125,4799.60009765625,3480
2026-04-14 09:00:00+00:00,4801.60009765625,4813.0,4794.7998046875,4810.5,5260
2026-04-14 10:00:00+00:00,4791.10009765625,4811.10009765625,4773.2998046875,4801.7001953125,6404
2026-04-14 11:00:00+00:00,4797.10009765625,4805.7998046875,4789.39990234375,4790.60009765625,4787
2026-04-14 12:00:00+00:00,4793.2998046875,4800.2001953125,4784.2001953125,4797.10009765625,6565
2026-04-14 13:00:00+00:00,4818.7998046875,4828.89990234375,4792.89990234375,4793.0,13726
2026-04-14 14:00:00+00:00,4827.2998046875,4842.0,4816.7001953125,4818.39990234375,15730
2026-04-14 15:00:00+00:00,4831.89990234375,4839.7998046875,4814.39990234375,4827.2998046875,8092
2026-04-14 16:00:00+00:00,4833.5,4844.0,4829.0,4832.10009765625,6345
2026-04-14 17:00:00+00:00,4859.5,4867.7001953125,4832.89990234375,4833.39990234375,15236
2026-04-14 18:00:00+00:00,4860.10009765625,4867.7998046875,4855.2001953125,4859.60009765625,4222
2026-04-14 19:00:00+00:00,4868.7001953125,4870.0,4860.2998046875,4860.2998046875,3359
2026-04-14 20:00:00+00:00,4864.5,4870.2998046875,4863.0,4869.2001953125,1559
2026-04-14 22:00:00+00:00,4859.5,4874.60009765625,4857.2001953125,4862.7001953125,0
2026-04-14 23:00:00+00:00,4861.7001953125,4869.0,4857.5,4859.10009765625,2473
2026-04-15 00:00:00+00:00,4859.7001953125,4864.10009765625,4851.60009765625,4861.5,2620
2026-04-15 01:00:00+00:00,4871.0,4895.39990234375,4852.5,4860.10009765625,8495
2026-04-15 02:00:00+00:00,4847.7001953125,4877.2001953125,4844.5,4870.2998046875,4517
2026-04-15 03:00:00+00:00,4849.60009765625,4853.60009765625,4841.0,4848.2001953125,2928
2026-04-15 04:00:00+00:00,4848.89990234375,4851.60009765625,4844.5,4848.0,1089
2026-04-15 05:00:00+00:00,4843.2998046875,4854.2998046875,4835.89990234375,4849.10009765625,3173
2026-04-15 06:00:00+00:00,4834.89990234375,4848.5,4834.2001953125,4843.39990234375,3181
2026-04-15 07:00:00+00:00,4834.10009765625,4840.0,4827.39990234375,4835.2001953125,5425
2026-04-15 08:00:00+00:00,4841.60009765625,4845.39990234375,4827.10009765625,4833.7998046875,4178
2026-04-15 09:00:00+00:00,4821.2001953125,4842.39990234375,4808.39990234375,4841.39990234375,7859
2026-04-15 10:00:00+00:00,4822.7998046875,4829.2001953125,4812.7001953125,4820.60009765625,3680
2026-04-15 11:00:00+00:00,4835.7001953125,4837.7998046875,4818.39990234375,4822.7998046875,3358
2026-04-15 12:00:00+00:00,4833.89990234375,4838.7001953125,4829.2998046875,4835.0,4057
2026-04-15 13:00:00+00:00,4851.89990234375,4853.5,4831.10009765625,4834.39990234375,7410
2026-04-15 14:00:00+00:00,4838.39990234375,4854.60009765625,4836.2001953125,4851.7001953125,7008
2026-04-15 15:00:00+00:00,4823.5,4839.0,4807.89990234375,4839.0,10578
2026-04-15 16:00:00+00:00,4825.89990234375,4835.0,4822.0,4824.0,6127
2026-04-15 17:00:00+00:00,4814.7998046875,4830.7998046875,4812.89990234375,4826.2001953125,5612
2026-04-15 18:00:00+00:00,4822.2001953125,4825.2998046875,4812.2001953125,4814.7998046875,3533
2026-04-15 19:00:00+00:00,4818.2998046875,4826.10009765625,4817.10009765625,4822.2001953125,1686
2026-04-15 20:00:00+00:00,4813.89990234375,4819.39990234375,4810.5,4818.7001953125,1178
2026-04-15 22:00:00+00:00,4829.2001953125,4833.7998046875,4812.39990234375,4813.60009765625,0
2026-04-15 23:00:00+00:00,4845.39990234375,4848.60009765625,4829.2001953125,4829.2001953125,2689
2026-04-16 00:00:00+00:00,4854.7001953125,4859.7001953125,4841.10009765625,4845.39990234375,6260
2026-04-16 01:00:00+00:00,4839.89990234375,4858.60009765625,4832.89990234375,4854.7001953125,3063
2026-04-16 02:00:00+00:00,4842.10009765625,4847.2001953125,4834.60009765625,4840.7001953125,1734
2026-04-16 03:00:00+00:00,4847.7001953125,4849.60009765625,4841.5,4841.7998046875,1357
2026-04-16 04:00:00+00:00,4855.7001953125,4856.10009765625,4845.2001953125,4846.2998046875,1204
2026-04-16 05:00:00+00:00,4844.10009765625,4861.2998046875,4843.7001953125,4855.5,4390
2026-04-16 06:00:00+00:00,4848.2998046875,4852.10009765625,4836.0,4843.60009765625,8371
2026-04-16 07:00:00+00:00,4843.0,4852.7998046875,4838.2998046875,4848.0,6619
2026-04-16 08:00:00+00:00,4834.7001953125,4843.2001953125,4827.7998046875,4842.7998046875,4341
2026-04-16 09:00:00+00:00,4834.2001953125,4839.5,4827.7001953125,4834.89990234375,3324
2026-04-16 10:00:00+00:00,4838.7001953125,4838.7001953125,4825.60009765625,4834.10009765625,2183
2026-04-16 11:00:00+00:00,4843.89990234375,4844.2998046875,4836.7998046875,4838.7001953125,2185
2026-04-16 12:00:00+00:00,4837.7998046875,4845.0,4833.0,4844.10009765625,4452
2026-04-16 13:00:00+00:00,4815.89990234375,4846.2001953125,4805.2998046875,4838.2998046875,12136
2026-04-16 14:00:00+00:00,4810.2998046875,4828.39990234375,4792.10009765625,4815.7998046875,14057
2026-04-16 15:00:00+00:00,4828.2001953125,4834.7001953125,4809.89990234375,4810.39990234375,7900
2026-04-16 16:00:00+00:00,4812.7001953125,4831.39990234375,4806.0,4828.60009765625,5836
2026-04-16 17:00:00+00:00,4810.10009765625,4816.60009765625,4802.0,4812.60009765625,5596
2026-04-16 18:00:00+00:00,4809.7001953125,4815.5,4806.5,4810.0,2187
2026-04-16 19:00:00+00:00,4814.5,4819.7001953125,4810.2998046875,4810.89990234375,2245
2026-04-16 20:00:00+00:00,4810.89990234375,4815.10009765625,4806.0,4814.7998046875,1172
2026-04-16 22:00:00+00:00,4816.0,4818.7998046875,4811.39990234375,4811.7998046875,0
2026-04-16 23:00:00+00:00,4812.5,4818.7001953125,4812.39990234375,4815.60009765625,661
2026-04-17 00:00:00+00:00,4816.2998046875,4822.2001953125,4806.7001953125,4812.0,1571
2026-04-17 01:00:00+00:00,4810.2001953125,4816.5,4785.89990234375,4815.60009765625,5852
2026-04-17 02:00:00+00:00,4804.60009765625,4815.0,4804.2998046875,4809.7998046875,1861
2026-04-17 03:00:00+00:00,4814.10009765625,4819.10009765625,4804.7998046875,4804.7998046875,1690
2026-04-17 04:00:00+00:00,4824.2001953125,4825.60009765625,4813.10009765625,4813.89990234375,1647
2026-04-17 05:00:00+00:00,4815.89990234375,4827.2001953125,4815.10009765625,4823.7001953125,2754
2026-04-17 06:00:00+00:00,4805.5,4816.5,4800.0,4815.89990234375,3515
2026-04-17 07:00:00+00:00,4805.5,4815.2998046875,4800.2001953125,4806.0,4069
2026-04-17 08:00:00+00:00,4817.7998046875,4818.7998046875,4802.60009765625,4806.10009765625,3350
2026-04-17 09:00:00+00:00,4812.2001953125,4822.7001953125,4812.0,4817.7998046875,3446
2026-04-17 10:00:00+00:00,4809.0,4816.0,4803.10009765625,4812.60009765625,2512
2026-04-17 11:00:00+00:00,4822.0,4834.0,4805.5,4809.2001953125,4953
2026-04-17 12:00:00+00:00,4869.0,4870.7998046875,4819.7998046875,4821.7001953125,16391
2026-04-17 13:00:00+00:00,4903.10009765625,4917.7001953125,4856.89990234375,4869.0,30171
2026-04-17 14:00:00+00:00,4895.7001953125,4908.89990234375,4883.39990234375,4903.2998046875,13244
2026-04-17 15:00:00+00:00,4889.7001953125,4903.5,4877.2998046875,4896.2001953125,10994
2026-04-17 16:00:00+00:00,4889.0,4896.0,4886.0,4889.5,3510
2026-04-17 17:00:00+00:00,4884.60009765625,4891.60009765625,4875.0,4889.0,5717
2026-04-17 18:00:00+00:00,4879.60009765625,4890.10009765625,4877.0,4884.7001953125,2583
2026-04-17 19:00:00+00:00,4875.5,4882.60009765625,4873.60009765625,4879.89990234375,3124
2026-04-17 20:00:00+00:00,4879.60009765625,4879.60009765625,4848.0,4875.60009765625,5343
2026-04-19 22:00:00+00:00,4799.39990234375,4815.0,4797.60009765625,4813.39990234375,4068
2026-04-19 23:00:00+00:00,4775.0,4799.39990234375,4752.0,4798.89990234375,7507
2026-04-20 00:00:00+00:00,4792.0,4793.7998046875,4764.2001953125,4774.39990234375,5566
2026-04-20 01:00:00+00:00,4827.7998046875,4834.5,4790.2998046875,4792.0,8257
2026-04-20 02:00:00+00:00,4813.2998046875,4828.7998046875,4813.10009765625,4827.39990234375,3314
2026-04-20 09:00:00+00:00,4811.39990234375,4879.60009765625,4804.60009765625,4879.60009765625,25218
2026-04-20 10:00:00+00:00,4815.7001953125,4879.60009765625,4809.60009765625,4811.7001953125,2236
2026-04-20 11:00:00+00:00,4830.89990234375,4879.60009765625,4806.2998046875,4815.7001953125,5065
2026-04-20 12:00:00+00:00,4823.2998046875,4842.89990234375,4818.7998046875,4830.7998046875,9971
2026-04-20 13:00:00+00:00,4838.7998046875,4847.2998046875,4819.7001953125,4823.60009765625,8710
2026-04-20 14:00:00+00:00,4824.89990234375,4847.89990234375,4811.89990234375,4838.7998046875,12687
2026-04-20 15:00:00+00:00,4819.89990234375,4829.7998046875,4812.60009765625,4825.7001953125,7638
2026-04-20 16:00:00+00:00,4825.60009765625,4826.60009765625,4812.5,4819.7998046875,4422
2026-04-20 17:00:00+00:00,4827.10009765625,4832.39990234375,4824.0,4825.89990234375,4628
2026-04-20 18:00:00+00:00,4834.7998046875,4837.0,4827.60009765625,4827.60009765625,2573
2026-04-20 19:00:00+00:00,4834.7998046875,4842.10009765625,4829.7001953125,4834.7001953125,2916
2026-04-20 20:00:00+00:00,4841.0,4842.7001953125,4832.7998046875,4835.0,1634
2026-04-20 22:00:00+00:00,4848.5,4854.7998046875,4841.10009765625,4842.39990234375,0
2026-04-20 23:00:00+00:00,4842.39990234375,4852.5,4840.5,4848.7001953125,1559
2026-04-21 00:00:00+00:00,4843.60009765625,4851.2001953125,4836.39990234375,4843.0,2616
2026-04-21 01:00:00+00:00,4829.7998046875,4844.2998046875,4825.2998046875,4843.7998046875,2917
2026-04-21 02:00:00+00:00,4826.0,4830.2001953125,4821.5,4830.10009765625,2293
2026-04-21 03:00:00+00:00,4816.2998046875,4826.89990234375,4811.2001953125,4826.2001953125,4134
2026-04-21 04:00:00+00:00,4807.7001953125,4816.60009765625,4807.0,4816.10009765625,3739
2026-04-21 05:00:00+00:00,4802.89990234375,4815.7001953125,4801.7001953125,4807.7998046875,5806
2026-04-21 06:00:00+00:00,4796.7998046875,4828.7998046875,4793.0,4802.60009765625,9271
2026-04-21 07:00:00+00:00,4804.89990234375,4811.5,4790.7998046875,4796.2998046875,4053
2026-04-21 08:00:00+00:00,4805.0,4812.2001953125,4793.2998046875,4804.5,3860
2026-04-21 09:00:00+00:00,4802.39990234375,4808.2998046875,4800.0,4804.89990234375,4138
2026-04-21 10:00:00+00:00,4809.0,4809.7001953125,4799.60009765625,4802.7998046875,2112
2026-04-21 11:00:00+00:00,4814.2001953125,4818.0,4794.2998046875,4809.2001953125,4665
2026-04-21 12:00:00+00:00,4797.60009765625,4816.7001953125,4781.60009765625,4814.39990234375,9622
2026-04-21 13:00:00+00:00,4798.2001953125,4813.7998046875,4777.2998046875,4797.60009765625,13242
2026-04-21 14:00:00+00:00,4757.39990234375,4801.89990234375,4740.89990234375,4798.2001953125,25118
2026-04-21 15:00:00+00:00,4759.7998046875,4776.60009765625,4745.89990234375,4757.7998046875,15322
2026-04-21 16:00:00+00:00,4729.5,4765.89990234375,4726.39990234375,4760.2998046875,13024
2026-04-21 17:00:00+00:00,4731.0,4742.0,4715.0,4729.2998046875,16106
2026-04-21 18:00:00+00:00,4728.10009765625,4734.2001953125,4712.0,4730.89990234375,7133
2026-04-21 19:00:00+00:00,4698.2998046875,4734.10009765625,4685.7998046875,4728.7001953125,11229
2026-04-21 20:00:00+00:00,4738.5,4739.60009765625,4688.39990234375,4698.5,6817
2026-04-21 22:00:00+00:00,4737.60009765625,4748.10009765625,4733.10009765625,4738.7001953125,0
2026-04-21 23:00:00+00:00,4755.7998046875,4758.39990234375,4736.0,4737.10009765625,3191
2026-04-22 00:00:00+00:00,4757.7001953125,4766.0,4756.10009765625,4756.2998046875,3128
2026-04-22 01:00:00+00:00,4769.7998046875,4772.5,4753.5,4757.39990234375,5273
2026-04-22 02:00:00+00:00,4773.5,4776.2001953125,4767.5,4770.2998046875,2943
2026-04-22 03:00:00+00:00,4777.0,4782.7001953125,4770.39990234375,4773.10009765625,2997
2026-04-22 04:00:00+00:00,4772.39990234375,4777.39990234375,4770.10009765625,4776.10009765625,3063
2026-04-22 05:00:00+00:00,4786.39990234375,4789.89990234375,4769.89990234375,4772.39990234375,5726
2026-04-22 06:00:00+00:00,4786.0,4786.5,4777.5,4786.0,3500
2026-04-22 07:00:00+00:00,4779.5,4790.7998046875,4778.39990234375,4785.89990234375,3673
2026-04-22 08:00:00+00:00,4775.7001953125,4781.39990234375,4770.5,4779.60009765625,3494
2026-04-22 09:00:00+00:00,4773.39990234375,4781.10009765625,4771.0,4775.5,3333
2026-04-22 10:00:00+00:00,4778.10009765625,4779.2001953125,4764.2998046875,4773.60009765625,3222
2026-04-22 11:00:00+00:00,4768.89990234375,4779.60009765625,4766.2998046875,4777.89990234375,3844
2026-04-22 12:00:00+00:00,4762.60009765625,4779.0,4761.10009765625,4769.2001953125,6246
2026-04-22 13:00:00+00:00,4771.7001953125,4779.39990234375,4754.60009765625,4762.89990234375,9514
2026-04-22 14:00:00+00:00,4754.2998046875,4776.2998046875,4746.89990234375,4771.5,9685
2026-04-22 15:00:00+00:00,4746.2001953125,4758.39990234375,4743.2001953125,4754.2001953125,5602
2026-04-22 16:00:00+00:00,4747.5,4754.10009765625,4742.10009765625,4746.10009765625,3921
2026-04-22 17:00:00+00:00,4756.39990234375,4758.39990234375,4747.2001953125,4747.39990234375,4066
2026-04-22 18:00:00+00:00,4760.7001953125,4770.2001953125,4748.39990234375,4756.10009765625,4582
2026-04-22 19:00:00+00:00,4759.0,4764.39990234375,4755.7998046875,4761.0,2597
2026-04-22 20:00:00+00:00,4758.2998046875,4759.89990234375,4753.10009765625,4759.39990234375,1469
2026-04-22 22:00:00+00:00,4743.2001953125,4763.60009765625,4742.7998046875,4759.2001953125,0
2026-04-22 23:00:00+00:00,4745.0,4746.7998046875,4740.60009765625,4743.5,1522
2026-04-23 00:00:00+00:00,4765.5,4771.2998046875,4710.39990234375,4745.0,10234
2026-04-23 01:00:00+00:00,4739.39990234375,4767.5,4738.39990234375,4765.2998046875,5136
2026-04-23 02:00:00+00:00,4714.39990234375,4740.89990234375,4714.0,4738.89990234375,7317
2026-04-23 03:00:00+00:00,4720.0,4724.7998046875,4713.89990234375,4715.0,3744
2026-04-23 04:00:00+00:00,4720.10009765625,4722.7001953125,4714.2998046875,4719.0,1732
2026-04-23 05:00:00+00:00,4729.0,4731.10009765625,4705.7001953125,4719.60009765625,4441
2026-04-23 06:00:00+00:00,4730.10009765625,4739.0,4724.89990234375,4729.60009765625,6633
2026-04-23 07:00:00+00:00,4736.10009765625,4737.39990234375,4719.39990234375,4729.89990234375,7533
2026-04-23 08:00:00+00:00,4719.60009765625,4742.10009765625,4717.7998046875,4735.60009765625,3698
2026-04-23 09:00:00+00:00,4713.5,4720.0,4710.7001953125,4719.39990234375,5481
2026-04-23 10:00:00+00:00,4712.60009765625,4717.89990234375,4700.0,4713.5,5975
2026-04-23 11:00:00+00:00,4737.39990234375,4737.7998046875,4711.2998046875,4712.7998046875,5336
2026-04-23 12:00:00+00:00,4757.7001953125,4761.7001953125,4736.2998046875,4737.10009765625,13049
2026-04-23 13:00:00+00:00,4742.0,4759.10009765625,4740.7998046875,4758.10009765625,8964
2026-04-23 14:00:00+00:00,4750.60009765625,4754.0,4733.89990234375,4741.5,8547
2026-04-23 15:00:00+00:00,4737.2998046875,4758.2001953125,4733.2998046875,4750.89990234375,6561
2026-04-23 16:00:00+00:00,4749.7998046875,4754.10009765625,4732.5,4737.60009765625,4678
2026-04-23 17:00:00+00:00,4725.60009765625,4751.7001953125,4680.10009765625,4750.10009765625,24253
2026-04-23 18:00:00+00:00,4717.2001953125,4738.7001953125,4714.89990234375,4726.10009765625,5972
2026-04-23 19:00:00+00:00,4712.7998046875,4720.60009765625,4705.5,4717.10009765625,4501
2026-04-23 20:00:00+00:00,4708.60009765625,4714.7998046875,4702.7001953125,4712.5,1786
2026-04-23 22:00:00+00:00,4708.5,4719.7998046875,4705.2998046875,4715.60009765625,0
2026-04-23 23:00:00+00:00,4710.7998046875,4716.10009765625,4702.0,4708.7001953125,1374
2026-04-24 00:00:00+00:00,4719.7998046875,4723.10009765625,4706.2998046875,4711.7001953125,2269
2026-04-24 01:00:00+00:00,4715.10009765625,4726.7001953125,4705.7001953125,4719.7998046875,3093
2026-04-24 02:00:00+00:00,4692.39990234375,4716.39990234375,4687.2998046875,4715.2001953125,3891
2026-04-24 03:00:00+00:00,4687.5,4693.5,4683.5,4692.0,2939
2026-04-24 04:00:00+00:00,4689.2998046875,4691.5,4672.2001953125,4686.89990234375,4411
2026-04-24 05:00:00+00:00,4701.5,4702.2998046875,4684.39990234375,4689.60009765625,2955
2026-04-24 06:00:00+00:00,4687.10009765625,4703.10009765625,4681.60009765625,4701.7001953125,4071
2026-04-24 07:00:00+00:00,4709.39990234375,4710.7001953125,4686.2001953125,4687.10009765625,3406
2026-04-24 08:00:00+00:00,4705.5,4712.7001953125,4700.10009765625,4710.10009765625,2738
2026-04-24 09:00:00+00:00,4697.7001953125,4711.89990234375,4694.89990234375,4706.10009765625,5609
2026-04-24 10:00:00+00:00,4693.0,4701.5,4689.60009765625,4697.39990234375,2660
2026-04-24 11:00:00+00:00,4723.2001953125,4733.89990234375,4693.0,4693.10009765625,9734
2026-04-24 12:00:00+00:00,4716.89990234375,4727.89990234375,4706.2998046875,4723.2001953125,6628
2026-04-24 13:00:00+00:00,4727.89990234375,4734.2001953125,4705.39990234375,4717.2001953125,8244
2026-04-24 14:00:00+00:00,4743.2001953125,4757.10009765625,4723.2001953125,4728.0,13412
2026-04-24 15:00:00+00:00,4743.89990234375,4750.39990234375,4730.7998046875,4743.39990234375,6640
2026-04-24 16:00:00+00:00,4743.7001953125,4746.5,4735.60009765625,4743.60009765625,3072
2026-04-24 17:00:00+00:00,4740.10009765625,4747.0,4735.7001953125,4744.39990234375,5213
2026-04-24 18:00:00+00:00,4738.7001953125,4741.5,4733.0,4740.39990234375,1856
2026-04-24 19:00:00+00:00,4732.10009765625,4742.39990234375,4729.5,4739.39990234375,2597
2026-04-24 20:00:00+00:00,4740.89990234375,4740.89990234375,4721.10009765625,4731.89990234375,2765
2026-04-26 22:00:00+00:00,4699.60009765625,4704.0,4694.0,4696.10009765625,1529
2026-04-26 23:00:00+00:00,4694.7998046875,4700.0,4689.10009765625,4699.10009765625,1737
2026-04-27 00:00:00+00:00,4712.60009765625,4713.10009765625,4686.60009765625,4695.2998046875,2781
2026-04-27 01:00:00+00:00,4717.10009765625,4724.7998046875,4705.5,4712.39990234375,4501
2026-04-27 02:00:00+00:00,4732.89990234375,4738.2998046875,4710.60009765625,4717.7001953125,3720
2026-04-27 03:00:00+00:00,4739.7998046875,4744.7998046875,4729.60009765625,4733.2001953125,2739
2026-04-27 04:00:00+00:00,4740.5,4745.7998046875,4738.2998046875,4739.7998046875,1520
2026-04-27 05:00:00+00:00,4725.7001953125,4741.2001953125,4724.0,4741.2001953125,2966
2026-04-27 06:00:00+00:00,4727.60009765625,4730.89990234375,4724.2998046875,4725.39990234375,2210
2026-04-27 07:00:00+00:00,4727.89990234375,4733.5,4725.0,4727.39990234375,1957
2026-04-27 08:00:00+00:00,4722.0,4730.0,4720.2001953125,4728.39990234375,2299
2026-04-27 09:00:00+00:00,4719.10009765625,4723.60009765625,4714.7001953125,4722.2998046875,3418
2026-04-27 10:00:00+00:00,4724.2998046875,4726.39990234375,4714.7001953125,4719.2001953125,2067
2026-04-27 11:00:00+00:00,4719.7001953125,4724.5,4713.5,4724.2001953125,2269
2026-04-27 12:00:00+00:00,4714.10009765625,4728.0,4712.0,4720.10009765625,5212
2026-04-27 13:00:00+00:00,4711.60009765625,4718.89990234375,4703.2998046875,4714.7998046875,6827
2026-04-27 14:00:00+00:00,4693.2001953125,4712.2001953125,4691.2998046875,4711.2001953125,9115
2026-04-27 15:00:00+00:00,4684.7998046875,4697.10009765625,4681.2001953125,4693.39990234375,8890
2026-04-27 16:00:00+00:00,4691.10009765625,4694.2998046875,4681.5,4684.60009765625,3540
2026-04-27 17:00:00+00:00,4697.2001953125,4700.89990234375,4682.5,4691.39990234375,6866
2026-04-27 18:00:00+00:00,4695.7001953125,4700.2001953125,4693.60009765625,4696.7001953125,2077
2026-04-27 19:00:00+00:00,4696.2001953125,4697.89990234375,4691.7001953125,4695.5,2530
2026-04-27 20:00:00+00:00,4697.7001953125,4697.7998046875,4691.7998046875,4695.89990234375,854
2026-04-27 22:00:00+00:00,4702.7001953125,4706.2998046875,4697.0,4697.5,0
2026-04-27 23:00:00+00:00,4707.10009765625,4710.2998046875,4702.10009765625,4703.2998046875,1091
2026-04-28 00:00:00+00:00,4705.60009765625,4716.5,4705.2001953125,4707.10009765625,1782
2026-04-28 01:00:00+00:00,4684.7001953125,4705.7998046875,4681.39990234375,4705.2001953125,3590
2026-04-28 02:00:00+00:00,4683.0,4694.0,4679.89990234375,4684.60009765625,3665
2026-04-28 03:00:00+00:00,4685.60009765625,4690.10009765625,4682.2998046875,4682.89990234375,1971
2026-04-28 04:00:00+00:00,4681.2998046875,4685.10009765625,4679.7001953125,4684.60009765625,1998
2026-04-28 05:00:00+00:00,4646.60009765625,4681.5,4638.0,4681.39990234375,9724
2026-04-28 06:00:00+00:00,4642.7001953125,4656.89990234375,4636.5,4645.89990234375,7469
2026-04-28 07:00:00+00:00,4646.60009765625,4653.2998046875,4634.39990234375,4642.60009765625,5794
2026-04-28 08:00:00+00:00,4643.60009765625,4649.39990234375,4628.2998046875,4647.0,6167
2026-04-28 09:00:00+00:00,4618.60009765625,4644.0,4617.7001953125,4643.39990234375,7096
2026-04-28 10:00:00+00:00,4616.7001953125,4630.5,4616.7001953125,4618.39990234375,4285
2026-04-28 11:00:00+00:00,4575.2001953125,4622.39990234375,4568.0,4616.60009765625,14625
2026-04-28 12:00:00+00:00,4607.39990234375,4613.7998046875,4567.60009765625,4575.60009765625,14740
2026-04-28 13:00:00+00:00,4593.39990234375,4608.2001953125,4583.7001953125,4607.0,12342
2026-04-28 14:00:00+00:00,4588.2998046875,4594.0,4570.0,4593.0,14033
2026-04-28 15:00:00+00:00,4600.10009765625,4600.2001953125,4580.5,4587.89990234375,8230
2026-04-28 16:00:00+00:00,4606.2001953125,4608.7998046875,4591.39990234375,4600.0,5516
2026-04-28 17:00:00+00:00,4609.0,4615.89990234375,4601.0,4606.2998046875,6812
2026-04-28 18:00:00+00:00,4608.39990234375,4614.7998046875,4606.0,4609.39990234375,2205
2026-04-28 19:00:00+00:00,4609.60009765625,4614.10009765625,4607.2998046875,4608.5,2131
2026-04-28 20:00:00+00:00,4609.60009765625,4612.89990234375,4605.7001953125,4609.39990234375,1417
2026-04-28 22:00:00+00:00,4607.7998046875,4614.0,4606.2998046875,4611.39990234375,0
2026-04-28 23:00:00+00:00,4609.7001953125,4610.5,4602.0,4608.2998046875,1027
2026-04-29 00:00:00+00:00,4613.7001953125,4624.2998046875,4608.7998046875,4609.5,3091
2026-04-29 01:00:00+00:00,4598.10009765625,4613.5,4589.10009765625,4613.5,4744
2026-04-29 02:00:00+00:00,4606.89990234375,4617.7001953125,4598.5,4598.5,3045
2026-04-29 03:00:00+00:00,4609.60009765625,4616.7001953125,4605.7001953125,4606.89990234375,1604
2026-04-29 04:00:00+00:00,4618.10009765625,4619.2998046875,4609.10009765625,4609.10009765625,1626
2026-04-29 05:00:00+00:00,4604.7001953125,4621.2998046875,4604.39990234375,4618.60009765625,1749
2026-04-29 06:00:00+00:00,4598.10009765625,4612.2998046875,4594.7998046875,4604.5,4100
2026-04-29 07:00:00+00:00,4581.39990234375,4603.2001953125,4580.5,4598.10009765625,6122
2026-04-29 08:00:00+00:00,4586.10009765625,4590.0,4570.5,4581.60009765625,5113
2026-04-29 09:00:00+00:00,4568.2998046875,4594.2998046875,4564.5,4586.5,6326
2026-04-29 10:00:00+00:00,4582.7001953125,4589.5,4567.60009765625,4568.10009765625,3984
2026-04-29 11:00:00+00:00,4574.7001953125,4585.60009765625,4571.89990234375,4583.0,3065
2026-04-29 12:00:00+00:00,4557.39990234375,4582.10009765625,4552.89990234375,4574.2001953125,6668
2026-04-29 13:00:00+00:00,4534.7001953125,4566.0,4522.2001953125,4558.39990234375,15641
2026-04-29 14:00:00+00:00,4551.89990234375,4556.39990234375,4530.2998046875,4534.7001953125,11348
2026-04-29 15:00:00+00:00,4560.2001953125,4572.0,4548.60009765625,4551.89990234375,10911
2026-04-29 16:00:00+00:00,4559.0,4578.2998046875,4557.2001953125,4560.60009765625,7752
2026-04-29 17:00:00+00:00,4561.7998046875,4568.5,4555.89990234375,4559.39990234375,6662
2026-04-29 18:00:00+00:00,4552.7001953125,4567.0,4532.0,4561.2001953125,9761
2026-04-29 19:00:00+00:00,4560.7998046875,4565.0,4547.39990234375,4553.10009765625,4800
2026-04-29 20:00:00+00:00,4557.2998046875,4567.2998046875,4555.0,4561.2001953125,2390
2026-04-29 22:00:00+00:00,4563.60009765625,4564.89990234375,4550.7998046875,4557.0,0
2026-04-29 23:00:00+00:00,4573.7998046875,4574.2001953125,4561.60009765625,4564.5,873
2026-04-30 00:00:00+00:00,4582.0,4586.2998046875,4568.2001953125,4573.60009765625,3347
2026-04-30 01:00:00+00:00,4590.7998046875,4594.10009765625,4576.39990234375,4581.7001953125,3470
2026-04-30 02:00:00+00:00,4576.39990234375,4593.7998046875,4571.10009765625,4591.10009765625,3552
2026-04-30 03:00:00+00:00,4567.89990234375,4581.0,4566.89990234375,4576.39990234375,2251
2026-04-30 04:00:00+00:00,4553.2001953125,4568.0,4552.2001953125,4567.39990234375,2643
2026-04-30 05:00:00+00:00,4573.7001953125,4581.0,4553.0,4553.7001953125,2747
2026-04-30 06:00:00+00:00,4601.60009765625,4603.7001953125,4570.89990234375,4573.7001953125,6632
2026-04-30 07:00:00+00:00,4610.60009765625,4617.2998046875,4596.5,4601.7998046875,6529
2026-04-30 08:00:00+00:00,4628.39990234375,4641.39990234375,4609.2001953125,4610.5,7863
2026-04-30 09:00:00+00:00,4637.2001953125,4644.60009765625,4626.2998046875,4628.7001953125,6372
2026-04-30 10:00:00+00:00,4651.7001953125,4658.7998046875,4635.5,4637.2001953125,6117
2026-04-30 11:00:00+00:00,4643.0,4658.0,4639.5,4651.89990234375,8239
2026-04-30 12:00:00+00:00,4652.39990234375,4652.7001953125,4635.0,4643.2998046875,7436
2026-04-30 13:00:00+00:00,4623.10009765625,4658.60009765625,4622.39990234375,4652.5,10546
2026-04-30 14:00:00+00:00,4632.5,4638.7001953125,4621.2998046875,4623.2001953125,9458
2026-04-30 15:00:00+00:00,4628.10009765625,4637.7998046875,4623.7001953125,4633.2998046875,5002
2026-04-30 16:00:00+00:00,4620.39990234375,4631.10009765625,4618.0,4628.2001953125,6487
2026-04-30 17:00:00+00:00,4629.7998046875,4635.0,4620.7998046875,4620.89990234375,6417
2026-04-30 18:00:00+00:00,4635.39990234375,4638.5,4629.60009765625,4630.0,2971
2026-04-30 19:00:00+00:00,4630.0,4640.2998046875,4627.7001953125,4635.5,2808
2026-04-30 20:00:00+00:00,4636.0,4636.0,4628.2998046875,4630.39990234375,1238
2026-04-30 22:00:00+00:00,4642.7001953125,4652.0,4636.89990234375,4636.89990234375,0
2026-04-30 23:00:00+00:00,4638.89990234375,4646.7998046875,4638.7998046875,4643.2001953125,1160
2026-05-01 00:00:00+00:00,4631.7998046875,4643.5,4630.5,4639.0,1414
2026-05-01 01:00:00+00:00,4632.60009765625,4634.10009765625,4625.89990234375,4631.60009765625,1704
2026-05-01 02:00:00+00:00,4630.5,4648.10009765625,4628.0,4632.60009765625,2608
2026-05-01 03:00:00+00:00,4638.60009765625,4643.5,4628.89990234375,4630.10009765625,1655
2026-05-01 04:00:00+00:00,4620.39990234375,4640.2998046875,4620.2998046875,4637.7998046875,2509
2026-05-01 05:00:00+00:00,4616.2001953125,4628.2001953125,4614.10009765625,4620.7001953125,1957
2026-05-01 06:00:00+00:00,4606.7998046875,4619.39990234375,4602.2001953125,4616.2001953125,3120
2026-05-01 07:00:00+00:00,4589.5,4609.7001953125,4586.7998046875,4606.0,4557
2026-05-01 08:00:00+00:00,4580.2998046875,4594.0,4575.89990234375,4589.7001953125,3541
2026-05-01 09:00:00+00:00,4573.60009765625,4584.0,4570.0,4580.10009765625,3221
2026-05-01 10:00:00+00:00,4577.89990234375,4587.39990234375,4572.39990234375,4573.7001953125,2204
2026-05-01 11:00:00+00:00,4590.0,4590.60009765625,4573.0,4577.7998046875,2684
2026-05-01 12:00:00+00:00,4602.10009765625,4619.2998046875,4586.0,4589.5,7746
2026-05-01 13:00:00+00:00,4637.5,4640.89990234375,4596.89990234375,4601.60009765625,8223
2026-05-01 14:00:00+00:00,4643.60009765625,4673.0,4635.7998046875,4636.89990234375,15612
2026-05-01 15:00:00+00:00,4654.39990234375,4659.2001953125,4630.39990234375,4644.0,8564
2026-05-01 16:00:00+00:00,4650.60009765625,4661.2998046875,4644.89990234375,4654.0,4390
2026-05-01 17:00:00+00:00,4641.2998046875,4654.5,4638.39990234375,4650.2001953125,5506
2026-05-01 18:00:00+00:00,4636.10009765625,4642.7998046875,4625.2998046875,4641.7001953125,3419
2026-05-01 19:00:00+00:00,4623.0,4639.60009765625,4621.0,4636.2001953125,2750
2026-05-01 20:00:00+00:00,4644.5,4644.5,4619.0,4623.0,1556
2026-05-03 22:00:00+00:00,4630.7001953125,4640.89990234375,4623.5,4633.2998046875,1470
2026-05-03 23:00:00+00:00,4625.0,4632.39990234375,4622.39990234375,4630.0,1025
2026-05-04 00:00:00+00:00,4623.60009765625,4627.89990234375,4612.5,4624.7998046875,2027
2026-05-04 01:00:00+00:00,4624.2001953125,4625.39990234375,4603.7998046875,4624.7001953125,2219
2026-05-04 02:00:00+00:00,4616.89990234375,4629.89990234375,4602.0,4624.0,2830
2026-05-04 03:00:00+00:00,4627.7998046875,4627.89990234375,4609.60009765625,4616.60009765625,2393
2026-05-04 04:00:00+00:00,4616.60009765625,4626.5,4615.7998046875,4626.5,1787
2026-05-04 05:00:00+00:00,4610.2001953125,4624.0,4603.2998046875,4616.0,2980
2026-05-04 06:00:00+00:00,4599.7001953125,4611.89990234375,4594.5,4610.10009765625,3014
2026-05-04 07:00:00+00:00,4589.7001953125,4604.39990234375,4588.60009765625,4599.2001953125,2486
2026-05-04 08:00:00+00:00,4587.5,4592.60009765625,4584.5,4589.89990234375,2895
2026-05-04 09:00:00+00:00,4586.0,4595.2998046875,4582.0,4587.89990234375,2029
2026-05-04 10:00:00+00:00,4573.2001953125,4586.89990234375,4535.0,4586.60009765625,12623
2026-05-04 11:00:00+00:00,4571.10009765625,4581.7998046875,4562.39990234375,4573.5,4966
2026-05-04 12:00:00+00:00,4579.2998046875,4590.39990234375,4570.39990234375,4571.2998046875,5534
2026-05-04 13:00:00+00:00,4575.0,4588.10009765625,4566.2998046875,4579.60009765625,6823
2026-05-04 14:00:00+00:00,4572.7001953125,4594.7001953125,4564.39990234375,4574.89990234375,8032
2026-05-04 15:00:00+00:00,4531.60009765625,4577.89990234375,4520.60009765625,4572.7001953125,18313
2026-05-04 16:00:00+00:00,4520.39990234375,4537.10009765625,4510.10009765625,4531.39990234375,13140
2026-05-04 17:00:00+00:00,4532.5,4541.7998046875,4520.89990234375,4521.10009765625,7255
2026-05-04 18:00:00+00:00,4526.2998046875,4535.2001953125,4519.7001953125,4532.89990234375,3044
2026-05-04 19:00:00+00:00,4527.60009765625,4536.89990234375,4521.0,4525.89990234375,4753
2026-05-04 20:00:00+00:00,4532.39990234375,4533.89990234375,4521.2998046875,4527.5,1757
2026-05-04 22:00:00+00:00,4527.0,4535.89990234375,4524.7998046875,4534.0,0
2026-05-04 23:00:00+00:00,4528.10009765625,4531.0,4525.7001953125,4526.7998046875,832
2026-05-05 00:00:00+00:00,4538.89990234375,4540.10009765625,4522.7001953125,4528.60009765625,2745
2026-05-05 01:00:00+00:00,4550.39990234375,4551.5,4534.5,4538.89990234375,2723
2026-05-05 02:00:00+00:00,4548.2001953125,4556.39990234375,4544.0,4550.5,2298
2026-05-05 03:00:00+00:00,4544.7001953125,4551.7001953125,4541.39990234375,4548.10009765625,1477
2026-05-05 04:00:00+00:00,4543.0,4545.7998046875,4537.0,4543.5,1649
2026-05-05 05:00:00+00:00,4555.2998046875,4561.2001953125,4540.39990234375,4543.0,2799
2026-05-05 06:00:00+00:00,4557.5,4561.5,4543.2001953125,4555.2998046875,3315
2026-05-05 07:00:00+00:00,4555.39990234375,4568.10009765625,4553.2998046875,4557.89990234375,3304
2026-05-05 08:00:00+00:00,4568.2001953125,4569.39990234375,4555.2001953125,4555.39990234375,3248
2026-05-05 09:00:00+00:00,4566.5,4570.5,4561.10009765625,4568.60009765625,3505
2026-05-05 10:00:00+00:00,4554.10009765625,4567.2001953125,4550.0,4566.7001953125,2786
2026-05-05 11:00:00+00:00,4572.89990234375,4575.5,4550.10009765625,4554.0,3866
2026-05-05 12:00:00+00:00,4574.7001953125,4585.39990234375,4564.2001953125,4572.7001953125,6663
2026-05-05 13:00:00+00:00,4589.7998046875,4596.2001953125,4575.0,4575.0,9660
2026-05-05 14:00:00+00:00,4593.2998046875,4597.5,4576.39990234375,4590.2998046875,11254
2026-05-05 15:00:00+00:00,4579.39990234375,4595.10009765625,4579.2998046875,4593.60009765625,4376
2026-05-05 16:00:00+00:00,4572.10009765625,4579.89990234375,4564.60009765625,4579.39990234375,6343
2026-05-05 17:00:00+00:00,4570.2998046875,4573.60009765625,4563.7998046875,4571.7001953125,5086
2026-05-05 18:00:00+00:00,4571.7001953125,4576.5,4568.0,4570.5,2391
2026-05-05 19:00:00+00:00,4566.0,4572.0,4562.2998046875,4571.60009765625,2512
2026-05-05 20:00:00+00:00,4567.7998046875,4570.7998046875,4564.89990234375,4566.0,962
2026-05-05 22:00:00+00:00,4583.2001953125,4587.2001953125,4556.10009765625,4569.2998046875,0
2026-05-05 23:00:00+00:00,4604.5,4606.2001953125,4579.39990234375,4583.5,3333
2026-05-06 00:00:00+00:00,4629.7998046875,4631.2001953125,4598.2998046875,4604.10009765625,4719
2026-05-06 01:00:00+00:00,4636.39990234375,4639.7998046875,4620.39990234375,4629.89990234375,5513
2026-05-06 02:00:00+00:00,4650.60009765625,4651.7998046875,4635.7998046875,4636.2001953125,4722
2026-05-06 03:00:00+00:00,4653.5,4662.0,4648.0,4650.60009765625,4686
2026-05-06 04:00:00+00:00,4660.0,4664.39990234375,4653.2998046875,4653.60009765625,3436
2026-05-06 05:00:00+00:00,4673.89990234375,4674.7998046875,4655.60009765625,4660.0,5023
2026-05-06 06:00:00+00:00,4679.5,4680.2001953125,4667.7998046875,4673.89990234375,5370
2026-05-06 07:00:00+00:00,4692.39990234375,4693.2001953125,4668.5,4679.7998046875,8958
2026-05-06 08:00:00+00:00,4712.0,4714.2998046875,4682.7998046875,4692.7001953125,9457
2026-05-06 09:00:00+00:00,4713.39990234375,4720.2001953125,4699.7001953125,4712.0,11803
2026-05-06 10:00:00+00:00,4729.60009765625,4734.60009765625,4707.39990234375,4713.2998046875,9749
2026-05-06 11:00:00+00:00,4703.2998046875,4732.7001953125,4702.0,4729.39990234375,9417
2026-05-06 12:00:00+00:00,4694.39990234375,4704.7998046875,4671.0,4703.2998046875,13878
2026-05-06 13:00:00+00:00,4713.5,4719.2001953125,4679.5,4694.10009765625,13571
2026-05-06 14:00:00+00:00,4714.2001953125,4728.7001953125,4708.7998046875,4713.39990234375,11787
2026-05-06 15:00:00+00:00,4699.2998046875,4717.2998046875,4699.2001953125,4714.2001953125,6023
2026-05-06 16:00:00+00:00,4694.0,4703.5,4690.60009765625,4699.0,5182
2026-05-06 17:00:00+00:00,4694.7998046875,4699.10009765625,4689.7998046875,4693.89990234375,6487
2026-05-06 18:00:00+00:00,4696.7998046875,4701.2998046875,4692.7001953125,4695.10009765625,3132
2026-05-06 19:00:00+00:00,4703.0,4711.2998046875,4697.10009765625,4697.10009765625,3765
2026-05-06 20:00:00+00:00,4703.10009765625,4710.39990234375,4695.7998046875,4703.5,2125
2026-05-06 22:00:00+00:00,4704.10009765625,4709.2001953125,4698.0,4702.2001953125,0
2026-05-06 23:00:00+00:00,4708.2001953125,4708.89990234375,4699.2998046875,4703.7001953125,1386
2026-05-07 00:00:00+00:00,4697.60009765625,4710.39990234375,4694.2001953125,4708.2998046875,2468
2026-05-07 01:00:00+00:00,4723.7001953125,4730.5,4694.0,4697.39990234375,6562
2026-05-07 02:00:00+00:00,4716.0,4727.2998046875,4708.2001953125,4723.39990234375,2563
2026-05-07 03:00:00+00:00,4709.0,4718.60009765625,4708.89990234375,4715.2001953125,1410
2026-05-07 04:00:00+00:00,4705.10009765625,4709.5,4700.39990234375,4707.7001953125,2338
2026-05-07 05:00:00+00:00,4709.39990234375,4715.39990234375,4703.10009765625,4705.0,2309
2026-05-07 06:00:00+00:00,4748.60009765625,4759.39990234375,4709.5,4709.5,7868
2026-05-07 07:00:00+00:00,4752.5,4760.5,4741.0,4747.7998046875,6031
2026-05-07 08:00:00+00:00,4741.10009765625,4763.60009765625,4740.89990234375,4753.2001953125,6660
2026-05-07 09:00:00+00:00,4738.39990234375,4749.0,4732.0,4741.39990234375,5442
2026-05-07 10:00:00+00:00,4745.0,4749.60009765625,4736.0,4738.10009765625,3028
2026-05-07 11:00:00+00:00,4752.0,4753.0,4736.39990234375,4745.39990234375,4139
2026-05-07 12:00:00+00:00,4760.10009765625,4762.7001953125,4741.7001953125,4752.10009765625,8404
2026-05-07 13:00:00+00:00,4756.5,4768.5,4741.0,4760.2001953125,11580
2026-05-07 14:00:00+00:00,4773.2998046875,4774.0,4751.10009765625,4756.0,13270
2026-05-07 15:00:00+00:00,4739.10009765625,4775.2001953125,4694.2998046875,4773.39990234375,12905
2026-05-07 16:00:00+00:00,4724.7998046875,4739.89990234375,4712.60009765625,4739.2998046875,11706
2026-05-07 17:00:00+00:00,4721.10009765625,4729.5,4696.60009765625,4725.0,25024
2026-05-07 18:00:00+00:00,4719.10009765625,4725.5,4704.60009765625,4721.0,6563
2026-05-07 19:00:00+00:00,4712.89990234375,4722.5,4707.0,4719.60009765625,4212
2026-05-07 20:00:00+00:00,4696.0,4729.10009765625,4693.2998046875,4713.0,4068
2026-05-07 22:00:00+00:00,4694.89990234375,4708.5,4671.0,4682.5,0
2026-05-07 23:00:00+00:00,4713.2001953125,4714.39990234375,4693.89990234375,4694.39990234375,1629
2026-05-08 00:00:00+00:00,4710.0,4718.5,4702.7001953125,4713.39990234375,2412
2026-05-08 01:00:00+00:00,4731.2001953125,4734.2998046875,4709.10009765625,4710.10009765625,4467
2026-05-08 02:00:00+00:00,4721.7001953125,4741.39990234375,4715.39990234375,4731.10009765625,3497
2026-05-08 03:00:00+00:00,4729.0,4739.7998046875,4719.2998046875,4721.60009765625,2252
2026-05-08 04:00:00+00:00,4719.39990234375,4731.89990234375,4716.60009765625,4728.60009765625,2211
2026-05-08 05:00:00+00:00,4736.0,4740.0,4718.2998046875,4719.60009765625,2147
2026-05-08 06:00:00+00:00,4734.2998046875,4743.5,4721.10009765625,4736.5,3944
2026-05-08 07:00:00+00:00,4717.39990234375,4734.89990234375,4706.2001953125,4734.0,6270
2026-05-08 08:00:00+00:00,4724.7998046875,4732.89990234375,4715.89990234375,4717.2001953125,2612
2026-05-08 09:00:00+00:00,4721.60009765625,4732.5,4716.89990234375,4725.39990234375,3270
2026-05-08 10:00:00+00:00,4729.39990234375,4737.7998046875,4720.7001953125,4721.39990234375,2592
2026-05-08 11:00:00+00:00,4727.5,4737.0,4723.2001953125,4730.10009765625,3506
2026-05-08 12:00:00+00:00,4734.10009765625,4741.60009765625,4709.60009765625,4727.5,10610
2026-05-08 13:00:00+00:00,4757.7998046875,4758.60009765625,4725.7001953125,4733.39990234375,13327
2026-05-08 14:00:00+00:00,4725.7001953125,4760.39990234375,4723.10009765625,4757.7998046875,13223
2026-05-08 15:00:00+00:00,4716.60009765625,4730.7998046875,4711.5,4725.7998046875,10420
2026-05-08 16:00:00+00:00,4721.89990234375,4729.89990234375,4715.0,4716.39990234375,4564
2026-05-08 17:00:00+00:00,4730.39990234375,4732.10009765625,4721.7001953125,4721.89990234375,10898
2026-05-08 18:00:00+00:00,4731.89990234375,4738.60009765625,4729.2998046875,4730.39990234375,3024
2026-05-08 19:00:00+00:00,4733.39990234375,4736.39990234375,4730.60009765625,4731.5,1986
2026-05-08 20:00:00+00:00,4730.7001953125,4733.89990234375,4723.2998046875,4733.7998046875,2075
2026-05-10 22:00:00+00:00,4700.10009765625,4704.5,4690.0,4696.7998046875,2147
2026-05-10 23:00:00+00:00,4700.2998046875,4707.5,4697.2998046875,4700.0,1740
2026-05-11 00:00:00+00:00,4692.5,4702.10009765625,4678.39990234375,4699.89990234375,5051
2026-05-11 01:00:00+00:00,4694.2001953125,4714.10009765625,4683.5,4692.0,6290
2026-05-11 02:00:00+00:00,4690.0,4709.0,4684.7001953125,4694.7001953125,5125
2026-05-11 03:00:00+00:00,4687.0,4698.2998046875,4683.10009765625,4689.60009765625,2809
2026-05-11 04:00:00+00:00,4679.7998046875,4687.7001953125,4675.89990234375,4686.39990234375,2618
2026-05-11 05:00:00+00:00,4659.60009765625,4688.7998046875,4655.10009765625,4679.7998046875,6147
2026-05-11 06:00:00+00:00,4686.7001953125,4688.7001953125,4656.60009765625,4659.5,5518
2026-05-11 07:00:00+00:00,4676.39990234375,4688.60009765625,4672.7998046875,4686.89990234375,3301
2026-05-11 08:00:00+00:00,4675.89990234375,4687.5,4672.7998046875,4676.2998046875,3633
2026-05-11 09:00:00+00:00,4665.2998046875,4678.39990234375,4658.7001953125,4675.60009765625,6450
2026-05-11 10:00:00+00:00,4672.2001953125,4675.89990234375,4664.5,4665.0,2995
2026-05-11 11:00:00+00:00,4683.2998046875,4686.0,4672.60009765625,4672.60009765625,3770
2026-05-11 12:00:00+00:00,4708.7001953125,4710.2001953125,4675.89990234375,4682.89990234375,11000
2026-05-11 13:00:00+00:00,4745.7001953125,4758.39990234375,4707.2998046875,4708.89990234375,21316
2026-05-11 14:00:00+00:00,4735.39990234375,4748.5,4724.60009765625,4745.7001953125,13139
2026-05-11 15:00:00+00:00,4741.7998046875,4748.10009765625,4732.2001953125,4735.2998046875,5462
2026-05-11 16:00:00+00:00,4726.10009765625,4743.2001953125,4716.7998046875,4742.0,7320
2026-05-11 17:00:00+00:00,4733.0,4734.2001953125,4725.39990234375,4726.0,9394
2026-05-11 18:00:00+00:00,4733.7998046875,4738.7998046875,4730.10009765625,4733.10009765625,2600
2026-05-11 19:00:00+00:00,4743.5,4746.5,4731.7998046875,4734.2001953125,4586
2026-05-11 20:00:00+00:00,4745.60009765625,4748.5,4739.5,4743.7001953125,1702
2026-05-11 22:00:00+00:00,4760.7001953125,4766.7998046875,4745.2001953125,4745.2998046875,0
2026-05-11 23:00:00+00:00,4777.2001953125,4780.2998046875,4755.2001953125,4760.5,5329
2026-05-12 00:00:00+00:00,4759.2998046875,4783.39990234375,4757.7998046875,4776.7001953125,4961
2026-05-12 01:00:00+00:00,4736.60009765625,4765.60009765625,4729.7998046875,4758.89990234375,5516
2026-05-12 02:00:00+00:00,4739.7998046875,4743.39990234375,4731.10009765625,4736.2998046875,2971
2026-05-12 03:00:00+00:00,4729.0,4742.39990234375,4726.7998046875,4739.5,2596
2026-05-12 04:00:00+00:00,4723.10009765625,4739.60009765625,4720.10009765625,4729.10009765625,2552
2026-05-12 05:00:00+00:00,4723.2001953125,4731.0,4717.5,4722.5,3936
2026-05-12 06:00:00+00:00,4705.39990234375,4722.60009765625,4701.60009765625,4722.60009765625,6639
2026-05-12 07:00:00+00:00,4707.7998046875,4711.7001953125,4692.39990234375,4705.0,5043
2026-05-12 08:00:00+00:00,4710.89990234375,4714.7998046875,4704.60009765625,4707.5,2657
2026-05-12 09:00:00+00:00,4707.60009765625,4713.2998046875,4702.2001953125,4710.7001953125,3690
2026-05-12 10:00:00+00:00,4710.5,4712.2998046875,4706.89990234375,4708.0,67
